,QMIX,MADDPG,MAPPO,IPPO
QMIX,,1.9421964910296054e-17,0.0,2e-323
MADDPG,1.9421964910296054e-17,,9.196736789440587e-48,0.0006318333117530895
MAPPO,0.0,9.196736789440587e-48,,0.0
IPPO,2e-323,0.0006318333117530895,0.0,
