algorithm,mean_avg_energy_J,mean_avg_latency_ms,mean_deadline_violation_rate,mean_load_balance_jain,mean_p99_latency_ms,mean_throughput_tps,std_avg_energy_J,std_avg_latency_ms,std_deadline_violation_rate,std_load_balance_jain,std_p99_latency_ms,std_throughput_tps
IPPO,6.038724143708214,8794.918303011993,,0.9999999986535365,44556.59755184221,0.00043609436967495595,1.420995815284352,2527.6317625925108,,2.2126911944774353e-11,17643.89351640986,0.0013164876692582856
MADDPG,5.97500574183464,10502.096845507811,0.9999873588562012,1.0,14520.155421886719,218.92054175415038,1.948856448637971,11648.755561360585,3.863847079155727e-05,0.0,16281.164274096343,1.6239219255260384
MAPPO,4.232929606891547,2057.9483620445417,,0.5268799992905916,3705.4650896458415,7.86708794511892e-06,1.5238582633693685,725.0082070751306,,0.1582892533549494,1326.8101673991846,0.0001055482228073186
QMIX,5.178401078554738,6476.598593968447,1.0,1.0000000000000002,,251.4639320326469,0.9118598971604751,1047.981192492891,0.0,0.0,,52.7826726555246
