,QMIX,MADDPG,MAPPO,IPPO
QMIX,,1.9421964910296054e-17,0.0,0.0
MADDPG,1.9421964910296054e-17,,9.196736789440587e-48,0.0011341616801749266
MAPPO,0.0,9.196736789440587e-48,,0.0
IPPO,0.0,0.0011341616801749266,0.0,
