,QMIX,MADDPG,MAPPO,IPPO
QMIX,,1.56567812707944e-13,5.6287108467214316e-67,1.4646376317795018e-41
MADDPG,1.56567812707944e-13,,9.196736789440587e-48,0.0011341616801749266
MAPPO,5.6287108467214316e-67,9.196736789440587e-48,,0.0
IPPO,1.4646376317795018e-41,0.0011341616801749266,0.0,
