algorithm,mean_avg_energy_J,mean_avg_latency_ms,mean_deadline_violation_rate,mean_load_balance_jain,mean_p99_latency_ms,mean_throughput_tps,std_avg_energy_J,std_avg_latency_ms,std_deadline_violation_rate,std_load_balance_jain,std_p99_latency_ms,std_throughput_tps
IPPO,5.97937550347521,8708.481759493448,0.0,0.49508599441937984,44118.69487320003,0.00021590421496192535,1.534366106821512,2660.6238947386682,0.0,0.49999632658866916,18098.852915480857,0.0009515910019832448
MADDPG,5.97500574183464,10502.096845507811,0.9999873588562012,1.0,14520.155421886719,218.92054175415038,1.948856448637971,11648.755561360585,3.863847079155727e-05,0.0,16281.164274096343,1.6239219255260384
MAPPO,4.232929606891547,2057.9483620445417,0.0,0.5268799992905916,3705.4650896458415,7.86708794511892e-06,1.5238582633693685,725.0082070751306,0.0,0.1582892533549494,1326.8101673991846,0.0001055482228073186
QMIX,5.555382220492192,5896.503656287026,1.0,1.0000000000000002,0.0,254.8816030112081,0.7686117069069236,898.4040645161151,0.0,0.0,0.0,50.46244364005466
