{
  "avg_energy_J_mean": [
    4.379907005753301,
    5.807380713404079,
    4.960126536697437,
    4.012140858464732,
    5.440892254005782,
    5.6409126304003365,
    5.894842898929089,
    5.857884146055129,
    4.955116625051739,
    5.5440018871003485,
    5.612365853894033,
    5.488396121241152,
    5.990445474020762,
    5.229992481856009,
    5.138791641373833,
    5.006902918150085,
    5.523348419360704,
    5.385766632584687,
    6.017253145910435,
    5.183186141557807,
    5.235100159845784,
    5.219159929621091,
    6.281588495177501,
    5.906984159346033,
    5.278964773211558,
    5.536369201530585
  ],
  "avg_energy_J_mean_T": [
    1000,
    6000,
    11000,
    16000,
    21000,
    26000,
    31000,
    36000,
    41000,
    46000,
    51000,
    56000,
    61000,
    66000,
    71000,
    76000,
    81000,
    86000,
    91000,
    96000,
    101000,
    106000,
    111000,
    116000,
    121000,
    126000
  ],
  "avg_latency_ms_mean": [
    4396.093480147726,
    6604.0367752798875,
    6022.538452166815,
    5831.1037888690325,
    6306.9622184864475,
    6111.630933790128,
    7448.30618823424,
    6939.613857459903,
    6449.356953874541,
    6523.741095503789,
    7611.465119657713,
    5404.390932290943,
    6033.295501644983,
    6445.454848363082,
    6337.9098929410675,
    6220.69458615377,
    5454.246339539006,
    5637.785751059661,
    6745.8681073793905,
    6793.4416737983065,
    6434.874644972468,
    5202.0204489141415,
    6426.557858912465,
    5906.863751719397,
    5822.915434104349,
    5713.753876254856
  ],
  "avg_latency_ms_mean_T": [
    1000,
    6000,
    11000,
    16000,
    21000,
    26000,
    31000,
    36000,
    41000,
    46000,
    51000,
    56000,
    61000,
    66000,
    71000,
    76000,
    81000,
    86000,
    91000,
    96000,
    101000,
    106000,
    111000,
    116000,
    121000,
    126000
  ],
  "deadline_violation_rate_mean": [
    1.0,
    1.0,
    1.0,
    1.0,
    1.0,
    1.0,
    1.0,
    1.0,
    1.0,
    1.0,
    1.0,
    1.0,
    1.0,
    1.0,
    1.0,
    1.0,
    1.0,
    1.0,
    1.0,
    1.0,
    1.0,
    1.0,
    1.0,
    1.0,
    1.0,
    1.0
  ],
  "deadline_violation_rate_mean_T": [
    1000,
    6000,
    11000,
    16000,
    21000,
    26000,
    31000,
    36000,
    41000,
    46000,
    51000,
    56000,
    61000,
    66000,
    71000,
    76000,
    81000,
    86000,
    91000,
    96000,
    101000,
    106000,
    111000,
    116000,
    121000,
    126000
  ],
  "ep_length_mean": [
    1000.0,
    1000.0,
    1000.0,
    1000.0,
    1000.0,
    1000.0,
    1000.0,
    1000.0,
    1000.0,
    1000.0,
    1000.0,
    1000.0,
    1000.0,
    1000.0,
    1000.0,
    1000.0,
    1000.0,
    1000.0,
    1000.0,
    1000.0,
    1000.0,
    1000.0,
    1000.0,
    1000.0,
    1000.0,
    1000.0
  ],
  "ep_length_mean_T": [
    1000,
    6000,
    11000,
    16000,
    21000,
    26000,
    31000,
    36000,
    41000,
    46000,
    51000,
    56000,
    61000,
    66000,
    71000,
    76000,
    81000,
    86000,
    91000,
    96000,
    101000,
    106000,
    111000,
    116000,
    121000,
    126000
  ],
  "episode": [
    5,
    10,
    15,
    20,
    25,
    30,
    35,
    40,
    45,
    50,
    55,
    60,
    65,
    70,
    75,
    80,
    85,
    90,
    95,
    100,
    105,
    110,
    115,
    120,
    125,
    130
  ],
  "episode_T": [
    5000,
    10000,
    15000,
    20000,
    25000,
    30000,
    35000,
    40000,
    45000,
    50000,
    55000,
    60000,
    65000,
    70000,
    75000,
    80000,
    85000,
    90000,
    95000,
    100000,
    105000,
    110000,
    115000,
    120000,
    125000,
    130000
  ],
  "episode_limit_mean": [
    1.0,
    1.0,
    1.0,
    1.0,
    1.0,
    1.0,
    1.0,
    1.0,
    1.0,
    1.0,
    1.0,
    1.0,
    1.0,
    1.0,
    1.0,
    1.0,
    1.0,
    1.0,
    1.0,
    1.0,
    1.0,
    1.0,
    1.0,
    1.0,
    1.0,
    1.0
  ],
  "episode_limit_mean_T": [
    1000,
    6000,
    11000,
    16000,
    21000,
    26000,
    31000,
    36000,
    41000,
    46000,
    51000,
    56000,
    61000,
    66000,
    71000,
    76000,
    81000,
    86000,
    91000,
    96000,
    101000,
    106000,
    111000,
    116000,
    121000,
    126000
  ],
  "epsilon": [
    1.0,
    0.99525,
    0.9905,
    0.98575,
    0.981,
    0.97625,
    0.9715,
    0.96675,
    0.962,
    0.95725,
    0.9525,
    0.94775,
    0.9430000000000001,
    0.93825,
    0.9335,
    0.92875,
    0.924,
    0.91925,
    0.9145,
    0.9097500000000001,
    0.905,
    0.90025,
    0.8955,
    0.89075,
    0.886,
    0.88125
  ],
  "epsilon_T": [
    1000,
    6000,
    11000,
    16000,
    21000,
    26000,
    31000,
    36000,
    41000,
    46000,
    51000,
    56000,
    61000,
    66000,
    71000,
    76000,
    81000,
    86000,
    91000,
    96000,
    101000,
    106000,
    111000,
    116000,
    121000,
    126000
  ],
  "grad_norm": [
    {
      "py/reduce": [
        {
          "py/function": "torch._utils._rebuild_tensor_v2"
        },
        {
          "py/tuple": [
            {
              "py/reduce": [
                {
                  "py/function": "torch.storage._load_from_bytes"
                },
                {
                  "py/tuple": [
                    {
                      "py/b64": "gAKKCmz8nEb5IGqoUBkugAJN6QMugAJ9cQAoWBAAAABwcm90b2NvbF92ZXJzaW9ucQFN6QNYDQAAAGxpdHRsZV9lbmRpYW5xAohYCgAAAHR5cGVfc2l6ZXNxA31xBChYBQAAAHNob3J0cQVLAlgDAAAAaW50cQZLBFgEAAAAbG9uZ3EHSwR1dS6AAihYBwAAAHN0b3JhZ2VxAGN0b3JjaApGbG9hdFN0b3JhZ2UKcQFYDQAAADI3MjUyNjUyNzUzNjBxAlgGAAAAY3VkYTowcQNLAU50cQRRLoACXXEAWA0AAAAyNzI1MjY1Mjc1MzYwcQFhLgEAAAAAAAAAD6y3TQ=="
                    }
                  ]
                }
              ]
            },
            0,
            {
              "py/tuple": []
            },
            {
              "py/tuple": []
            },
            false,
            {
              "py/reduce": [
                {
                  "py/type": "collections.OrderedDict"
                },
                {
                  "py/tuple": []
                },
                null,
                null,
                {
                  "py/tuple": []
                }
              ]
            }
          ]
        }
      ]
    }
  ],
  "grad_norm_T": [
    128000
  ],
  "load_balance_jain_mean": [
    1.0000000000000002,
    1.0000000000000002,
    1.0000000000000002,
    1.0000000000000002,
    1.0000000000000002,
    1.0000000000000002,
    1.0000000000000002,
    1.0000000000000002,
    1.0000000000000002,
    1.0000000000000002,
    1.0000000000000002,
    1.0000000000000002,
    1.0000000000000002,
    1.0000000000000002,
    1.0000000000000002,
    1.0000000000000002,
    1.0000000000000002,
    1.0000000000000002,
    1.0000000000000002,
    1.0000000000000002,
    1.0000000000000002,
    1.0000000000000002,
    1.0000000000000002,
    1.0000000000000002,
    1.0000000000000002,
    1.0000000000000002
  ],
  "load_balance_jain_mean_T": [
    1000,
    6000,
    11000,
    16000,
    21000,
    26000,
    31000,
    36000,
    41000,
    46000,
    51000,
    56000,
    61000,
    66000,
    71000,
    76000,
    81000,
    86000,
    91000,
    96000,
    101000,
    106000,
    111000,
    116000,
    121000,
    126000
  ],
  "loss": [
    20975190.0
  ],
  "loss_T": [
    128000
  ],
  "q_taken_mean": [
    144.0146125
  ],
  "q_taken_mean_T": [
    128000
  ],
  "return_mean": [
    {
      "dtype": "float64",
      "py/object": "numpy.float64",
      "value": -4969.662958769395
    },
    {
      "dtype": "float64",
      "py/object": "numpy.float64",
      "value": -4958.413640148117
    },
    {
      "dtype": "float64",
      "py/object": "numpy.float64",
      "value": -4979.034769684104
    },
    {
      "dtype": "float64",
      "py/object": "numpy.float64",