{
  "avg_energy_J_mean": [
    4.379907005753301,
    5.807380713404079,
    4.960126536697437,
    4.012140858464732,
    5.440892254005782,
    5.6409126304003365,
    5.894842898929089,
    5.857884146055129,
    4.955116625051739,
    5.5440018871003485,
    5.612365853894033
  ],
  "avg_energy_J_mean_T": [
    1000,
    6000,
    11000,
    16000,
    21000,
    26000,
    31000,
    36000,
    41000,
    46000,
    51000
  ],
  "avg_latency_ms_mean": [
    4396.093480147726,
    6604.0367752798875,
    6022.538452166815,
    5831.1037888690325,
    6306.9622184864475,
    6111.630933790128,
    7448.30618823424,
    6939.613857459903,
    6449.356953874541,
    6523.741095503789,
    7611.465119657713
  ],
  "avg_latency_ms_mean_T": [
    1000,
    6000,
    11000,
    16000,
    21000,
    26000,
    31000,
    36000,
    41000,
    46000,
    51000
  ],
  "deadline_violation_rate_mean": [
    1.0,
    1.0,
    1.0,
    1.0,
    1.0,
    1.0,
    1.0,
    1.0,
    1.0,
    1.0,
    1.0
  ],
  "deadline_violation_rate_mean_T": [
    1000,
    6000,
    11000,
    16000,
    21000,
    26000,
    31000,
    36000,
    41000,
    46000,
    51000
  ],
  "ep_length_mean": [
    1000.0,
    1000.0,
    1000.0,
    1000.0,
    1000.0,
    1000.0,
    1000.0,
    1000.0,
    1000.0,
    1000.0,
    1000.0
  ],
  "ep_length_mean_T": [
    1000,
    6000,
    11000,
    16000,
    21000,
    26000,
    31000,
    36000,
    41000,
    46000,
    51000
  ],
  "episode": [
    5,
    10,
    15,
    20,
    25,
    30,
    35,
    40,
    45,
    50
  ],
  "episode_T": [
    5000,
    10000,
    15000,
    20000,
    25000,
    30000,
    35000,
    40000,
    45000,
    50000
  ],
  "episode_limit_mean": [
    1.0,
    1.0,
    1.0,
    1.0,
    1.0,
    1.0,
    1.0,
    1.0,
    1.0,
    1.0,
    1.0
  ],
  "episode_limit_mean_T": [
    1000,
    6000,
    11000,
    16000,
    21000,
    26000,
    31000,
    36000,
    41000,
    46000,
    51000
  ],
  "epsilon": [
    1.0,
    0.99525,
    0.9905,
    0.98575,
    0.981,
    0.97625,
    0.9715,
    0.96675,
    0.962,
    0.95725,
    0.9525
  ],
  "epsilon_T": [
    1000,
    6000,
    11000,
    16000,
    21000,
    26000,
    31000,
    36000,
    41000,
    46000,
    51000
  ],
  "load_balance_jain_mean": [
    1.0000000000000002,
    1.0000000000000002,
    1.0000000000000002,
    1.0000000000000002,
    1.0000000000000002,
    1.0000000000000002,
    1.0000000000000002,
    1.0000000000000002,
    1.0000000000000002,
    1.0000000000000002,
    1.0000000000000002
  ],
  "load_balance_jain_mean_T": [
    1000,
    6000,
    11000,
    16000,
    21000,
    26000,
    31000,
    36000,
    41000,
    46000,
    51000
  ],
  "return_mean": [
    {
      "dtype": "float64",
      "py/object": "numpy.float64",
      "value": -4969.662958769395
    },
    {
      "dtype": "float64",
      "py/object": "numpy.float64",
      "value": -4958.413640148117
    },
    {
      "dtype": "float64",
      "py/object": "numpy.float64",
      "value": -4979.034769684104
    },
    {
      "dtype": "float64",
      "py/object": "numpy.float64",
      "value": -4968.015771354767
    },
    {
      "dtype": "float64",
      "py/object": "numpy.float64",
      "value": -4984.207103309212
    },
    {
      "dtype": "float64",
      "py/object": "numpy.float64",
      "value": -4959.85205101936
    },
    {
      "dtype": "float64",
      "py/object": "numpy.float64",
      "value": -4969.649172734492
    },
    {
      "dtype": "float64",
      "py/object": "numpy.float64",
      "value": -4987.300122191975
    },
    {
      "dtype": "float64",
      "py/object": "numpy.float64",
      "value": -4971.653904483367
    },
    {
      "dtype": "float64",
      "py/object": "numpy.float64",
      "value": -4975.329075019396
    },
    {
      "dtype": "float64",
      "py/object": "numpy.float64",
      "value": -4960.119566346309
    }
  ],
  "return_mean_T": [
    1000,
    6000,
    11000,
    16000,
    21000,
    26000,
    31000,
    36000,
    41000,
    46000,
    51000
  ],
  "return_std": [
    {
      "dtype": "float64",
      "py/object": "numpy.float64",
      "value": 0.0
    },
    {
      "dtype": "float64",
      "py/object": "numpy.float64",
      "value": 8.935915502545582
    },
    {
      "dtype": "float64",
      "py/object": "numpy.float64",
      "value": 25.276431535572325
    },
    {
      "dtype": "float64",
      "py/object": "numpy.float64",
      "value": 15.749644033103444
    },
    {
      "dtype": "float64",
      "py/object": "numpy.float64",
      "value": 35.4048758618165
    },
    {
      "dtype": "float64",
      "py/object": "numpy.float64",
      "value": 33.39706876331314
    },
    {
      "dtype": "float64",
      "py/object": "numpy.float64",
      "value": 37.25392488513424
    },
    {
      "dtype": "float64",
      "py/object": "numpy.float64",
      "value": 17.86821172252917
    },
    {
      "dtype": "float64",
      "py/object": "numpy.float64",
      "value": 15.059838345669222
    },
    {
      "dtype": "float64",
      "py/object": "numpy.float64",
      "value": 20.40722897458224
    },
    {
      "dtype": "float64",
      "py/object": "numpy.float64",
      "value": 13.49490893756816
    }
  ],
  "return_std_T": [
    1000,
    6000,
    11000,
    16000,
    21000,
    26000,
    31000,
    36000,
    41000,
    46000,
    51000
  ],
  "test_avg_energy_J_mean": [
    7.79338443403156
  ],
  "test_avg_energy_J_mean_T": [
    1000
  ],
  "test_avg_latency_ms_mean": [
    3469.1352536207837
  ],
  "test_avg_latency_ms_mean_T": [
    1000
  ],
  "test_deadline_violation_rate_mean": [
    1.0
  ],
  "test_deadline_violation_rate_mean_T": [
    1000
  ],
  "test_ep_length_mean": [
    1000.0
  ],
  "test_ep_length_mean_T": [
    1000
  ],
  "test_episode_limit_mean": [
    1.0
  ],
  "test_episode_limit_mean_T": [
    1000
  ],
  "test_load_balance_jain_mean": [
    1.0000000000000002
  ],
  "test_load_balance_jain_mean_T": [
    1000
  ],
  "test_return_mean": [
    {
      "dtype": "float64",
      "py/object": "numpy.float64",
      "value": -4512.781333571344
    }
  ],
  "test_return_mean_T": [
    1000
  ],
  "test_return_std": [
    {
      "dtype": "float64",
      "py/object": "numpy.float64",
      "value": 19.385708963181152
    }
  ],
  "test_return_std_T": [
    1000
  ],
  "test_throughput_tps_mean": [
    267.0756609802927
  ],
  "test_throughput_tps_mean_T": [
    1000
  ],
  "throughput_tps_mean": [
    500.0,
    143.9705367750486,
    322.8101291270238,
    263.0534649322675,
    265.84395752642314,
    297.8901321852196,
    195.94503243762887,
    184.7259466308828,
    261.3395583888957,
    191.14077657718124,
    432.8541321209221
  ],
  "throughput_tps_mean_T": [
    1000,
    6000,
    11000,
    16000,
    21000,
    26000,
    31000,
    36000,
    41000,
    46000,
    51000
  ]
}